{"filter_ids": {"short": -1, "unnatural": -6, "dynamic": -5, "dark": -3, "bright": -2, "static": -4, "pass": 1}, "shots_pass": [1.0, 1.0, -6.0, -6.0, -6.0, -1.0, -1.0, -1.0, -1.0, -1.0, -1.0, -1.0, -1.0, -1.0, -1.0, -1.0, -1.0, -1.0, -1.0, -6.0, -1.0, -1.0, -1.0, -1.0, -1.0, -1.0, -1.0, -3.0, -6.0, -1.0, -1.0, -1.0, -1.0, -1.0, -1.0, -1.0, -1.0, -1.0, -1.0, -1.0, -1.0, -1.0, -1.0, -1.0, 1.0, 1.0, -1.0, -1.0, -1.0, -6.0, -1.0, -1.0, -6.0, -1.0, -3.0, -1.0, -1.0, -1.0, -1.0, -1.0, -1.0, -1.0, -1.0, -1.0, -1.0, -1.0, -1.0, 1.0, -1.0, -1.0, -1.0, -1.0, -1.0, -6.0, -1.0, -6.0, -1.0, -1.0, -1.0, -6.0, -1.0, -1.0, 1.0, -3.0, -1.0, -6.0, -1.0, -6.0, -1.0, -1.0, -1.0, -1.0, -3.0, -1.0, -1.0, -1.0, -1.0, -6.0, 1.0, 1.0, 1.0, 1.0, -6.0, 1.0, 1.0, 1.0, 1.0, -1.0, -1.0, -1.0, -1.0, -1.0, -1.0, 1.0, -1.0, -1.0, -1.0, -1.0, -1.0, -1.0, -1.0, -1.0, -1.0, -1.0, -1.0, -1.0, -1.0, -1.0, -1.0, -1.0, -1.0, 1.0, -1.0, -1.0, -1.0, -1.0, -1.0, -1.0, 1.0, -1.0, -1.0, -1.0, -1.0, -1.0, -1.0, -1.0, -1.0, -1.0, -1.0, -1.0, -1.0, -1.0, 1.0, 1.0, -6.0, -1.0, -1.0, -1.0, 1.0, -1.0, -1.0, -1.0, -6.0, -1.0, -1.0, -1.0, 1.0, -1.0, -1.0, -1.0, -1.0, -1.0, 1.0, -1.0, 1.0, -1.0, 1.0, 1.0, 1.0, -1.0, -1.0, -1.0, -1.0, 1.0, 1.0, -6.0, 1.0, 1.0, 1.0, -1.0, -6.0, 1.0, -1.0, -1.0, -6.0, -1.0, -6.0, -1.0, -1.0, 1.0, -1.0, -1.0, 1.0, -1.0, -1.0, 1.0, 1.0, 1.0, -1.0, -1.0, -1.0, 1.0, -3.0, -3.0, -1.0, -1.0, -3.0, -1.0, -3.0, 1.0, -1.0, -1.0, -1.0, -1.0, 1.0, 1.0, 1.0, -1.0, -1.0, -6.0, 1.0, -6.0, 1.0, -1.0, 1.0, 1.0, -1.0, -1.0, 1.0, 1.0, 1.0, -6.0, 1.0, 1.0, 1.0, -1.0, -1.0, -6.0, -1.0, -6.0, -1.0, -1.0, -1.0, -1.0, 1.0, -1.0, -1.0, 1.0, -6.0, -1.0, -1.0, -6.0, -6.0, 1.0, 1.0, -4.0, 1.0, -6.0, 1.0, -1.0, -6.0, -6.0, -1.0, -1.0, -4.0, -6.0, 1.0, -1.0, -1.0, -1.0, -1.0, -1.0, -1.0, -1.0, -1.0, -3.0, -1.0, -1.0, 1.0, -6.0, -1.0, -1.0, -1.0, -2.0, -1.0, -1.0, 1.0, -1.0, 1.0, 1.0, -1.0, 1.0, 1.0, -6.0, -6.0, 1.0, 1.0, -1.0, -1.0, 1.0, -1.0, -1.0, 1.0, 1.0, -3.0, -1.0, -1.0, -6.0, -1.0, -1.0, -1.0, -1.0, -1.0, -1.0, -3.0, -3.0, -6.0, 1.0, -1.0, -1.0, -1.0, 1.0, 1.0, 1.0, 1.0, -1.0, -6.0, -1.0, -1.0, -1.0, -3.0, -1.0, -3.0, 1.0, -1.0, -1.0, -1.0, 1.0, -1.0, -1.0, 1.0, 1.0, 1.0, -1.0, -1.0, 1.0, -1.0, -1.0, 1.0, 1.0, -6.0, -1.0, -1.0, -1.0, -1.0, -1.0, -1.0, -1.0, -1.0, -6.0, 1.0, -1.0, -1.0, 1.0, -6.0, 1.0, 1.0, 1.0, -6.0, 1.0, 1.0, -6.0, -6.0, -3.0, -6.0, 1.0, 1.0, 1.0, -4.0, -6.0, -3.0, 1.0, -1.0, 1.0, 1.0, -6.0, -6.0, -1.0, -6.0, 1.0, -1.0, -1.0, -1.0, -6.0, -1.0, -1.0, 1.0, -1.0, 1.0, 1.0, -1.0, 1.0, 1.0, -1.0, -1.0, -1.0, -1.0, -1.0, -1.0, 1.0, -1.0, -1.0, -1.0, -1.0, 1.0, -1.0, -6.0, -1.0, 1.0, 1.0, 1.0, 1.0, -1.0, 1.0, -1.0, 1.0, -1.0, 1.0, 1.0, -1.0, -1.0, -1.0, 1.0, 1.0, -1.0, 1.0, -6.0, 1.0, 1.0, 1.0, 1.0, -1.0, 1.0, -1.0, 1.0, -1.0, -1.0, -1.0, -1.0, -1.0, -1.0, -1.0, -1.0, -1.0, -1.0, 1.0, -1.0, -1.0, -1.0, 1.0, 1.0, 1.0, -6.0, 1.0, 1.0, 1.0, -1.0, 1.0, -1.0, 1.0, -1.0, 1.0, 1.0, 1.0, -1.0, -1.0, -1.0, -1.0, 1.0, 1.0, 1.0, -1.0, -1.0, -6.0, 1.0, -1.0, -6.0, 1.0, -1.0, -1.0, -6.0, 1.0, -6.0, -1.0, -1.0, 1.0, -6.0, -1.0, -6.0, -6.0, 1.0, -6.0, -6.0, -3.0, -1.0, -1.0, -1.0, -6.0, -6.0, -1.0, -6.0, -1.0, -1.0, -1.0, -1.0, -1.0, -1.0, -1.0, -6.0, -6.0, -6.0, -1.0, -1.0, -1.0, -6.0, -6.0, 1.0, 1.0, 1.0, -6.0, -1.0, -1.0, -1.0, -1.0, -1.0, -1.0, -1.0, -1.0, -6.0, -6.0, -1.0, -1.0, -1.0, -1.0, -6.0, 1.0, -6.0, 1.0, 1.0, -1.0, 1.0, -6.0, -1.0, -1.0, -4.0, -1.0, -1.0, 1.0, -6.0, 1.0, -6.0, -6.0, 1.0, -6.0, -1.0, -6.0, 1.0, 1.0, 1.0, -1.0, -1.0, 1.0, -1.0, -1.0, -1.0, 1.0, 1.0, -1.0, -1.0, -1.0, -1.0, -1.0, -1.0, -6.0, 1.0, 1.0, 1.0, -1.0, -1.0, 1.0, 1.0, -6.0, 1.0, -6.0, -6.0, -1.0, -1.0, -6.0, -6.0, 1.0, -1.0, -1.0, -1.0, -1.0, 1.0, -1.0, -6.0, 1.0, -1.0, -1.0, -1.0, 1.0, -1.0, -6.0, -6.0, -6.0, -1.0, -1.0, -1.0, -1.0, -1.0, -1.0, -1.0, -1.0, -6.0, -6.0, 1.0, 1.0, -1.0, -6.0, -1.0, -1.0, -1.0, 1.0, -1.0, -1.0, 1.0, 1.0, 1.0, 1.0, 1.0, 1.0, -1.0, -1.0, -1.0, -1.0, -1.0, -1.0, -1.0, -1.0, -1.0, -1.0, -1.0, -1.0, -1.0, -1.0, -1.0, -1.0, -1.0, 1.0, -1.0, -1.0, -6.0, 1.0, 1.0, -6.0, -1.0, -1.0, -1.0, -6.0, -6.0, -6.0, -6.0, -1.0, -1.0, -1.0, -6.0, -1.0, -1.0, 1.0, -1.0, -1.0, -1.0, -1.0, -1.0, -1.0, -1.0, -1.0, -1.0, -1.0, -1.0, -1.0, -1.0, -1.0, -1.0, -1.0, -1.0, -1.0, -1.0, -1.0, -1.0, -1.0, -1.0, -1.0, -1.0, -1.0, -1.0, -1.0, -1.0, -1.0, -1.0, -1.0, -1.0, -1.0, -1.0, -1.0, -1.0, -1.0, -1.0, -1.0, -1.0, -1.0, -1.0, -1.0, -1.0, 1.0, 1.0, 1.0, 1.0, 1.0, 1.0, -1.0, 1.0, 1.0, 1.0, -6.0, -6.0, -1.0, 1.0, -3.0, 1.0, 1.0, 1.0, -6.0, -1.0, -1.0, -3.0, -1.0, -6.0, -1.0, -6.0, -1.0, -1.0, -1.0, -1.0, -6.0, -1.0, -6.0, -6.0, 1.0, -1.0, 1.0, -3.0, 1.0, -3.0, -3.0, -3.0, 1.0, -1.0, 1.0, -6.0, 1.0, 1.0, -1.0, -1.0, 1.0, 1.0, -1.0, -1.0, -1.0, -6.0, -1.0, -1.0, 1.0, -1.0, 1.0, 1.0, 1.0, -6.0, 1.0, 1.0, -6.0, 1.0, 1.0, 1.0, 1.0, 1.0, -6.0, -1.0, -6.0, 1.0, -6.0, -1.0, -1.0, -1.0, -1.0, -1.0, -1.0, -3.0, 1.0, -3.0, 1.0, 1.0, 1.0, 1.0, -6.0, 1.0, -6.0, 1.0, 1.0, 1.0, 1.0, -1.0, -6.0, -6.0, -1.0, 1.0, 1.0, 1.0, -6.0, -3.0, -1.0, 1.0, -1.0, -1.0, -1.0, 1.0, -1.0, 1.0, -3.0, -6.0, 1.0, -1.0, -1.0, 1.0, 1.0, 1.0, -1.0, 1.0, -1.0, -1.0, -1.0, -1.0, -1.0, -1.0, -1.0, 1.0, 1.0, 1.0, 1.0, 1.0, -6.0, -1.0, 1.0, -6.0, 1.0, 1.0, -6.0, 1.0, -6.0, 1.0, 1.0, 1.0, 1.0, 1.0, -4.0, 1.0, 1.0, 1.0, 1.0, 1.0, 1.0, 1.0, 1.0, -1.0, 1.0, -1.0, 1.0, 1.0, 1.0, -1.0, -6.0, 1.0, 1.0, -1.0, 1.0, -1.0, 1.0, 1.0, 1.0, 1.0, -6.0, -1.0, 1.0, -6.0, 1.0, -1.0, -1.0, -1.0, -1.0, 1.0, 1.0, 1.0, -6.0, 1.0, 1.0, 1.0, 1.0, 1.0, 1.0, -6.0, -1.0, 1.0, -1.0, 1.0, 1.0, -1.0, -1.0, -1.0, -1.0, 1.0, -1.0, -1.0, -1.0, -1.0, -1.0, -1.0, -1.0, 1.0, 1.0, 1.0, 1.0, 1.0, -1.0, 1.0, 1.0, 1.0, 1.0, -1.0, 1.0, 1.0, 1.0, 1.0, 1.0, -1.0, -6.0, 1.0, 1.0, -1.0, -1.0, 1.0, 1.0, 1.0, 1.0, 1.0, 1.0, -1.0, -1.0, -1.0, -1.0, -1.0, -1.0, -1.0, 1.0, -1.0, 1.0, 1.0, -1.0, 1.0, -1.0, -1.0, 1.0, 1.0, 1.0, 1.0, 1.0, 1.0, 1.0, 1.0, -1.0, -6.0, 1.0, -1.0, -1.0, -1.0, -1.0, -1.0, -1.0, -1.0, -1.0, -1.0, -1.0, -1.0, -1.0, 1.0, -1.0, -6.0, -4.0, 1.0, 1.0, -1.0, -1.0, -1.0, -6.0, 1.0, -1.0, -1.0, -1.0, -1.0, -1.0, -1.0, 1.0, 1.0, -1.0, -1.0, -1.0, -1.0, -1.0, -1.0, -1.0, 1.0, -1.0, -1.0, -1.0, -1.0, -1.0, -1.0, -1.0, 1.0, -6.0, 1.0, 1.0, 1.0, 1.0, -6.0, -1.0, 1.0, 1.0, -1.0, -1.0, -1.0, 1.0, 1.0, -1.0, -1.0, 1.0, 1.0, 1.0, 1.0, -1.0, 1.0, -1.0, -1.0, -1.0, 1.0, -1.0, -1.0, -1.0, 1.0, 1.0, 1.0, -1.0, 1.0, 1.0, -6.0, -1.0, 1.0, -1.0, -1.0, -1.0, -1.0, -1.0, -3.0, -1.0, -1.0, 1.0, -6.0, 1.0, 1.0, 1.0, -1.0, -1.0, -1.0, 1.0, 1.0, 1.0, -3.0, -3.0, -3.0, -3.0, -3.0, 1.0, 1.0, -1.0, -1.0, 1.0, -1.0, -6.0, -6.0, 1.0, 1.0, 1.0, 1.0, -1.0, -1.0, -1.0, -6.0, 1.0, -6.0, 1.0, 1.0, 1.0, -6.0, 1.0, 1.0, -6.0, 1.0, 1.0, 1.0, -6.0, -1.0, -1.0, -1.0, -1.0, -1.0, -1.0, -6.0, 1.0, -1.0, -1.0, 1.0, -6.0, -1.0, -1.0, -6.0, -6.0, 1.0, -1.0, -1.0, 1.0, -1.0, -1.0, -1.0, -1.0, -1.0, -1.0, -1.0, 1.0, -6.0, -3.0, 1.0, 1.0, 1.0, 1.0, 1.0, 1.0, 1.0, 1.0, 1.0, 1.0, 1.0, 1.0, -1.0, 1.0, 1.0, -1.0, 1.0, 1.0, 1.0, 1.0, 1.0, -6.0, -6.0, -6.0, -6.0, -1.0, -1.0, 1.0, -1.0, 1.0, 1.0, 1.0, 1.0, -1.0, 1.0, 1.0, 1.0, 1.0, 1.0, 1.0, -1.0, 1.0, 1.0, 1.0, -1.0, 1.0, 1.0, 1.0, 1.0, 1.0, 1.0, -1.0, 1.0, 1.0, 1.0, -1.0, 1.0, 1.0, 1.0, -1.0, 1.0, 1.0, -1.0, 1.0, -1.0, 1.0, -1.0, 1.0, -1.0, -1.0, 1.0, -1.0, -1.0, 1.0, 1.0, 1.0, -1.0, -1.0, -1.0, -3.0, -3.0, -1.0, -1.0, -1.0, -1.0, -1.0, -1.0, -1.0, 1.0, -1.0, -1.0, 1.0, 1.0, -1.0, -1.0, -1.0, -1.0, -1.0, 1.0, -1.0, -1.0, -1.0, -1.0, -1.0, -1.0, 1.0, 1.0, -1.0, 1.0, 1.0, -1.0, 1.0, 1.0, 1.0, 1.0, -1.0, 1.0, 1.0, 1.0, 1.0, 1.0, 1.0, 1.0, 1.0, 1.0, 1.0, -6.0, -1.0, -1.0, -6.0, 1.0, 1.0, -1.0, -1.0, -1.0, -1.0, -1.0, -1.0, -1.0, 1.0, 1.0, -1.0, -1.0, 1.0, -1.0, -1.0, -1.0, 1.0, 1.0, -1.0, -6.0, -1.0, 1.0, -1.0, -1.0, -1.0, -1.0, -1.0, -1.0, -1.0, -1.0, 1.0, -1.0, -1.0, -1.0, -1.0, -1.0, -1.0, -1.0, -1.0, -1.0, -1.0, -1.0, -1.0, -1.0, -1.0, -1.0, -1.0, -1.0, -1.0, -1.0, -1.0, -1.0, 1.0, 1.0, 1.0, 1.0, 1.0, 1.0, 1.0, -1.0, 1.0, 1.0, -1.0, 1.0, -1.0, 1.0, 1.0, 1.0, 1.0, -6.0, 1.0, -1.0, -1.0, 1.0, 1.0, 1.0, 1.0, 1.0, 1.0, 1.0, -1.0, -1.0, 1.0, 1.0, -1.0, -1.0, 1.0, -1.0, -1.0, 1.0, -1.0, 1.0, 1.0, -1.0, -1.0, 1.0, -1.0, -1.0, 1.0, -1.0, 1.0, -1.0, -1.0, -1.0, -1.0, -1.0, -1.0, 1.0, 1.0, -1.0, -1.0, -1.0, -1.0, -6.0, -6.0, -6.0, -1.0, -4.0, -1.0, -6.0, -1.0, 1.0, 1.0, 1.0, 1.0, 1.0, -1.0, 1.0, -1.0, -1.0, 1.0, 1.0, 1.0, 1.0, -1.0, 1.0, -1.0, 1.0, -1.0, 1.0, -1.0, -1.0, -1.0, 1.0, -1.0, -1.0, -1.0, -1.0, 1.0, 1.0, 1.0, 1.0, 1.0, -1.0, -1.0, -1.0, -1.0, 1.0, -1.0, -6.0, 1.0, 1.0, 1.0, 1.0, -1.0, -1.0, -1.0, -1.0, 1.0, -1.0, 1.0, -1.0, 1.0, -1.0, 1.0, 1.0, 1.0, -1.0, 1.0, -1.0, -1.0, -1.0, -1.0, -6.0, -1.0, -1.0, 1.0, -1.0, 1.0, -1.0, 1.0, -1.0, -1.0, -1.0, -1.0, -1.0, 1.0, 1.0, -6.0, -1.0, -1.0, -1.0, -1.0, -1.0, -1.0, 1.0, -1.0, -6.0, -1.0, -1.0, 1.0, 1.0, 1.0, -3.0, -1.0, -3.0, -6.0, -6.0, 1.0, 1.0, 1.0, 1.0, 1.0, -6.0, -6.0, 1.0, -1.0, 1.0, -1.0, 1.0, -1.0, 1.0, -1.0, 1.0, -3.0, -3.0, -1.0, -3.0, -3.0, 1.0, -1.0, -1.0, 1.0, -6.0, 1.0, -1.0, -6.0, 1.0, -1.0, -6.0, -6.0, -6.0, -6.0, 1.0, -1.0, 1.0, -6.0, -6.0, -6.0, -3.0, -1.0, -1.0, -1.0, -1.0, -3.0, -1.0, 1.0, 1.0, -1.0, 1.0, 1.0, -1.0, -1.0, -1.0, -1.0, -1.0, -1.0, -1.0, -1.0, -1.0, -6.0, 1.0, -6.0, -1.0, -1.0, -1.0, -1.0, -6.0, -1.0, -1.0, -1.0, -1.0, -1.0, -1.0, 1.0, -1.0, -1.0, -6.0, -1.0, 1.0, 1.0, -1.0, -1.0, -1.0, -1.0, -1.0, -1.0, -1.0, -1.0, -1.0, -1.0, -3.0, -1.0, -1.0, -1.0, 1.0, 1.0, 1.0, -1.0, -1.0, -1.0, -1.0, -1.0, -1.0, -1.0, 1.0, 1.0, -6.0, 1.0, -1.0, -6.0, -6.0, -6.0, -1.0, -6.0, -1.0, -1.0, -1.0, -1.0, -1.0, 1.0, -1.0, 1.0, -1.0, -1.0, -1.0, -1.0, -1.0, -1.0, 1.0, 1.0, -1.0, -1.0, 1.0, 1.0, -6.0, 1.0, -1.0, -1.0, -1.0, 1.0, -6.0, -1.0, -1.0, -6.0, -1.0, 1.0, -6.0, 1.0, -6.0, 1.0, -1.0, -1.0, 1.0, -1.0, -1.0, -1.0, -1.0, 1.0, 1.0, 1.0, 1.0, 1.0, 1.0, -1.0, 1.0, -1.0, -1.0, -1.0, 1.0, -1.0, 1.0, -1.0, -1.0, -1.0, -1.0, -1.0, -1.0, -1.0, -1.0, -1.0, -1.0, -1.0, -1.0, -1.0, 1.0, 1.0, -1.0, -1.0, -6.0, -1.0, 1.0, 1.0, -1.0, 1.0, -1.0, -6.0, -1.0, -1.0, -1.0, -1.0, -1.0, -1.0, -6.0, -1.0, -1.0, -1.0, 1.0, -1.0, -1.0, -1.0, -1.0, -1.0, -1.0, -1.0, -1.0, -1.0, -1.0, -1.0, 1.0, -1.0, -1.0, -1.0, -1.0, 1.0, -6.0, 1.0, 1.0, 1.0, 1.0, -1.0, -1.0, -1.0, 1.0, 1.0, -1.0, -1.0, -6.0, -1.0, -1.0, -1.0, -1.0, -1.0, -1.0, -1.0, -1.0, -1.0, -1.0, -1.0, -1.0, -1.0, -1.0, -1.0, -1.0, -1.0, -1.0, -1.0, -1.0, -1.0, 1.0, 1.0, -1.0, -1.0, 1.0, 1.0, -1.0, 1.0, -1.0, -1.0, 1.0, 1.0, 1.0, 1.0, 1.0, 1.0, 1.0, 1.0, 1.0, -6.0, 1.0, 1.0, -1.0, -1.0, 1.0, -1.0, -1.0, -1.0, -1.0, -1.0, 1.0, -1.0, -1.0, 1.0, -1.0, 1.0, -1.0, 1.0, 1.0, -6.0, 1.0, -1.0, -1.0, -1.0, -1.0, -1.0, -1.0, 1.0, 1.0, -1.0, -1.0, -1.0, -1.0, 1.0, 1.0, 1.0, -1.0, -1.0, -1.0, 1.0, -1.0, -1.0, 1.0, 1.0, 1.0, -1.0, 1.0, 1.0, 1.0, 1.0, -1.0, -1.0, 1.0, -1.0, -1.0, -1.0, 1.0, 1.0, 1.0, 1.0, -1.0, -1.0, -1.0, -1.0, -1.0, 1.0, -1.0, 1.0, 1.0, 1.0, 1.0, -1.0, -1.0, 1.0, -1.0, 1.0, -1.0, -1.0, 1.0, -1.0, 1.0, 1.0, 1.0, -1.0, 1.0, -1.0, 1.0, 1.0, -1.0, -1.0, -1.0, -1.0, -1.0, 1.0, -1.0, -1.0, -1.0, -1.0, -1.0, -1.0, -1.0, -1.0, -1.0, 1.0, -1.0, -1.0, 1.0, -1.0, 1.0, -1.0, -1.0, -1.0, -1.0, -1.0, -1.0, -1.0, 1.0, -1.0, 1.0, 1.0, 1.0, -6.0, -6.0, 1.0, 1.0, 1.0, 1.0, 1.0, -6.0, 1.0, 1.0, 1.0, 1.0, 1.0, 1.0, -1.0, 1.0, 1.0, -1.0, 1.0, 1.0, 1.0, -1.0, -1.0, 1.0, 1.0, -1.0, -1.0, 1.0, -3.0, 1.0, -1.0, 1.0, -1.0, 1.0, -1.0, -1.0, -1.0, -1.0, 1.0, 1.0, 1.0, -6.0, 1.0, -6.0, -1.0, -6.0, -1.0, -1.0, 1.0, 1.0, 1.0, 1.0, -6.0, -6.0, -6.0, -3.0, -6.0, -6.0, -6.0, -1.0, -1.0, -1.0, -1.0, -1.0, -1.0, -1.0, -1.0, -1.0, -1.0, -3.0, 1.0, -6.0, 1.0, -3.0, 1.0, -1.0, -1.0, -1.0, -1.0, -1.0, -1.0, -1.0, -1.0, -1.0]}